"Código","Nombre","Tipo de accesorio","Subtipo","Unidad de medida","Valor 1","Valor 2","Valor 3","Valor 4","Valor 5","Peso","Norma"
"A0000324","BRIDA SERIE 150 (219,10x10,31) WN RF ASTM A 105 B16.5 PESO 19,05 8"" SCH 60","BRIDA","SERIE 150","un","219.1","10.31","","","WN RF","19.05","ASTM A 105 B16.5"
"A0000323","BRIDA SERIE 300 (33,40x4,55) SW RF ASTM A 105 B16.5 PESO 1,40 1"" SCH 80","BRIDA","SERIE 300","un","33.4","4.55","","","SW RF","1.4","ASTM A 105 B16.5"
"A0000322","CODO RL 90º (60,30x11,07) ASTM A 234 GB WPB PESO 1,60 2"" SCH XXS","CODO","RL 90º","un","60.3","11.07","","","","1.6","ASTM A 234 GB WPB"
"A0000321","BRIDA SERIE 600 (114,30x13,49) WN RF ASTM A 105 B16.5 PESO 21,20 4"" SCH 160","BRIDA","SERIE 600","un","114.3","13.49","","","WN RF","21.2","ASTM A 105 B16.5"
"A0000320","BRIDA SERIE 600 (88,90x11,13) WN RF ASTM A 105 B16.5 PESO 9,10 3"" SCH XXS","BRIDA","SERIE 600","un","88.9","11.13","","","WN RF","9.1","ASTM A 105 B16.5"
"A0000319","BRIDA SERIE 600 (60,30x11,07) WN RF ASTM A 105 B16.5 PESO 5,40 2"" SCH XXS","BRIDA","SERIE 600","un","60.3","11.07","","","WN RF","5.4","ASTM A 105 B16.5"
"A0000318","RED CONC (273,00x114,30x9,27x6,02) ASTM A 234 GB WPB PESO 10,50 10x4"" SCH 40/STD","RED CONC","","un","273","114.3","9.27","6.02","","10.5","ASTM A 234 GB WPB"
"A0000317","RED CONC (219,10x114,30x12,70x8,56) ASTM A 234 GB WPB PESO 9,26 8x4"" SCH 80","RED CONC","","un","219.1","114.3","12.7","8.56","","9.26","ASTM A 234 GB WPB"
"A0000316","RED CONC (219,10x114,30x8,18x6,02) ASTM A 234 GB WPB PESO 6,31 8x4"" SCH 40/STD","RED CONC","","un","219.1","114.3","8.18","6.02","","6.31","ASTM A 234 GB WPB"
"A0000315","RED CONC (168,30x141,30x7,11x6,55) ASTM A 234 GB WPB PESO 3,93 6x5"" SCH 40/STD","RED CONC","","un","168.3","141.3","7.11","6.55","","3.93","ASTM A 234 GB WPB"
"A0000314","RED CONC (168,30x88,90x10,97x7,62) ASTM A 234 GB WPB PESO 5,72 6x3"" SCH 80","RED CONC","","un","168.3","88.9","10.97","7.62","","5.72","ASTM A 234 GB WPB"
"A0000313","RED CONC (114,30x88,90x13,49x11,13) ASTM A 234 GB WPB PESO 4,38 4x3"" SCH 160","RED CONC","","un","114.3","88.9","13.49","11.13","","4.38","ASTM A 234 GB WPB"
"A0000312","RED CONC (114,30x88,90x8,56x7,62) ASTM A 234 GB WPB PESO 2,21 4x3"" SCH 80","RED CONC","","un","114.3","88.9","8.56","7.62","","2.21","ASTM A 234 GB WPB"
"A0000311","RED CONC (88,90x48,30x5,49x3,68) ASTM A 234 GB WPB PESO 0,98 3x1 1/2"" SCH 40/STD","RED CONC","","un","88.9","48.3","5.49","3.68","","0.98","ASTM A 234 GB WPB"
"A0000310","RED CONC (60,30x48,30x5,54x5,08) ASTM A 234 GB WPB PESO 0,54 2x1 1/2"" SCH 80","RED CONC","","un","60.3","48.3","5.54","5.08","","0.54","ASTM A 234 GB WPB"
"A0000309","RED CONC (60,30x48,30x3,91x3,68) ASTM A 234 GB WPB PESO 0,41 2x1 1/2"" SCH 40/STD","RED CONC","","un","60.3","48.3","3.91","3.68","","0.41","ASTM A 234 GB WPB"
"A0000308","RED CONC (60,30x33,40x5,54x4,55) ASTM A 234 GB WPB PESO 0,54 2x1"" SCH 80","RED CONC","","un","60.3","33.4","5.54","4.55","","0.54","ASTM A 234 GB WPB"
"A0000307","TEE RED (273,00x168,30x15,09x10,97) ASTM A 234 GB WPB PESO 67,50 10x6"" SCH 80","TEE RED","","un","273","168.3","15.09","10.97","","67.5","ASTM A 234 GB WPB"
"A0000306","TEE RED (219,10x168,30x12,70x10,97) ASTM A 234 GB WPB PESO 34,50 8x6"" SCH 80","TEE RED","","un","219.1","168.3","12.7","10.97","","34.5","ASTM A 234 GB WPB"
"A0000305","TEE RED (219,10x168,30x8,18x7,11) ASTM A 234 GB WPB PESO 24,50 8x6"" SCH 40/STD","TEE RED","","un","219.1","168.3","8.18","7.11","","24.5","ASTM A 234 GB WPB"
"A0000304","TEE RED (219,10x114,30x8,18x6,02) ASTM A 234 GB WPB PESO 24,50 8x4"" SCH 40/STD","TEE RED","","un","219.1","114.3","8.18","6.02","","24.5","ASTM A 234 GB WPB"
"A0000303","TEE RED (168,30x88,90x18,26x11,13) ASTM A 234 GB WPB PESO 29,09 6x3"" SCH 160","TEE RED","","un","168.3","88.9","18.26","11.13","","29.09","ASTM A 234 GB WPB"
"A0000302","TEE RED (114,30x88,90x8,56x7,62) ASTM A 234 GB WPB PESO 7,66 4x3"" SCH 80","TEE RED","","un","114.3","88.9","8.56","7.62","","7.66","ASTM A 234 GB WPB"
"A0000301","TEE RED (114,30x88,90x6,02x5,49) ASTM A 234 GB WPB PESO 6,50 4x3"" SCH 40/STD","TEE RED","","un","114.3","88.9","6.02","5.49","","6.5","ASTM A 234 GB WPB"
"A0000300","TEE RED (114,30x60,30x8,56x5,54) ASTM A 234 GB WPB PESO 7,66 4x2"" SCH 80","TEE RED","","un","114.3","60.3","8.56","5.54","","7.66","ASTM A 234 GB WPB"
"A0000299","TEE RED (88,90x60,30x5,49x3,91) ASTM A 234 GB WPB PESO 3,76 3x2"" SCH 40/STD","TEE RED","","un","88.9","60.3","5.49","3.91","","3.76","ASTM A 234 GB WPB"
"A0000298","TEE RED (88,90x48,30x7,62x5,08) ASTM A 234 GB WPB PESO 4,35 3x1 1/2"" SCH 80","TEE RED","","un","88.9","48.3","7.62","5.08","","4.35","ASTM A 234 GB WPB"
"A0000297","TEE RED (60,30x48,30x5,54x5,08) ASTM A 234 GB WPB PESO 2,15 2x1 1/2"" SCH 80","TEE RED","","un","60.3","48.3","5.54","5.08","","2.15","ASTM A 234 GB WPB"
"A0000296","TEE RED (60,30x48,30x3,91x3,68) ASTM A 234 GB WPB PESO 1,48 2x1 1/2"" SCH 40/STD","TEE RED","","un","60.3","48.3","3.91","3.68","","1.48","ASTM A 234 GB WPB"
"A0000295","TEE RED (60,30x33,40x5,54x4,55) ASTM A 234 GB WPB PESO 2,15 2x1"" SCH 80","TEE RED","","un","60.3","33.4","5.54","4.55","","2.15","ASTM A 234 GB WPB"
"A0000294","TEE RED (60,30x33,40x3,91x3,38) ASTM A 234 GB WPB PESO 1,48 2x1"" SCH 40/STD","TEE RED","","un","60.3","33.4","3.91","3.38","","1.48","ASTM A 234 GB WPB"
"A0000293","TEE RED (48,30x33,40x3,68x3,38) ASTM A 234 GB WPB PESO 0,92 1 1/2x1"" SCH 40/STD","TEE RED","","un","48.3","33.4","3.68","3.38","","0.92","ASTM A 234 GB WPB"
"A0000292","TEE EQUAL (323,80x9,52) ASTM A 234 B16.9 BW PESO 65,00 12"" SCH STD","TEE EQUAL","","un","323.8","9.52","","","","65","ASTM A 234 B16.9 BW"
"A0000291","TEE EQUAL (48,30x3,68) ASTM A 234 B16.9 BW PESO 0,92 1 1/2"" SCH 40/STD","TEE EQUAL","","un","48.3","3.68","","","","0.92","ASTM A 234 B16.9 BW"
"A0000290","CAPS – CASQUETE SEMIELIPTICO (508,00x9,52) ASTM A 234 B16.9 BW PESO 32,00 20"" SCH 20","CAPS – CASQUETE SEMIELIPTICO","","un","508","9.52","","","","32","ASTM A 234 B16.9 BW"
"A0000289","CAPS – CASQUETE SEMIELIPTICO (457,20x23,83) ASTM A 234 B16.9 BW PESO 72,50 18"" SCH 80","CAPS – CASQUETE SEMIELIPTICO","","un","457.2","23.83","","","","72.5","ASTM A 234 B16.9 BW"
"A0000288","CAPS – CASQUETE SEMIELIPTICO (457,20x14,27) ASTM A 234 B16.9 BW PESO 42,00 18"" SCH 40","CAPS – CASQUETE SEMIELIPTICO","","un","457.2","14.27","","","","42","ASTM A 234 B16.9 BW"
"A0000287","CAPS – CASQUETE SEMIELIPTICO (406,40x12,70) ASTM A 234 B16.9 BW PESO 31,50 16"" SCH 40","CAPS – CASQUETE SEMIELIPTICO","","un","406.4","12.7","","","","31.5","ASTM A 234 B16.9 BW"
"A0000286","CAPS – CASQUETE SEMIELIPTICO (355,60x12,70) ASTM A 234 B16.9 BW PESO 27,00 14"" SCH XS","CAPS – CASQUETE SEMIELIPTICO","","un","355.6","12.7","","","","27","ASTM A 234 B16.9 BW"
"A0000285","CAPS – CASQUETE SEMIELIPTICO (273,00x9,27) ASTM A 234 B16.9 BW PESO 9,15 10"" SCH 40/STD","CAPS – CASQUETE SEMIELIPTICO","","un","273","9.27","","","","9.15","ASTM A 234 B16.9 BW"
"A0000284","CAPS – CASQUETE SEMIELIPTICO (219,10x8,18) ASTM A 234 B16.9 BW PESO 5,50 8"" SCH 40/STD","CAPS – CASQUETE SEMIELIPTICO","","un","219.1","8.18","","","","5.5","ASTM A 234 B16.9 BW"
"A0000283","CAPS – CASQUETE SEMIELIPTICO (219,10x6,35) ASTM A 234 B16.9 BW PESO 4,50 8"" SCH 20","CAPS – CASQUETE SEMIELIPTICO","","un","219.1","6.35","","","","4.5","ASTM A 234 B16.9 BW"
"A0000282","CAPS – CASQUETE SEMIELIPTICO (168,30x10,97) ASTM A 234 B16.9 BW PESO 4,50 6"" SCH 80","CAPS – CASQUETE SEMIELIPTICO","","un","168.3","10.97","","","","4.5","ASTM A 234 B16.9 BW"
"A0000281","CAPS – CASQUETE SEMIELIPTICO (168,30x7,11) ASTM A 234 B16.9 BW PESO 3,00 6"" SCH 40/STD","CAPS – CASQUETE SEMIELIPTICO","","un","168.3","7.11","","","","3","ASTM A 234 B16.9 BW"
"A0000280","CAPS – CASQUETE SEMIELIPTICO (141,30x6,55) ASTM A 234 B16.9 BW PESO 2,00 5"" SCH 40/STD","CAPS – CASQUETE SEMIELIPTICO","","un","141.3","6.55","","","","2","ASTM A 234 B16.9 BW"
"A0000279","CAPS – CASQUETE SEMIELIPTICO (114,30x8,56) ASTM A 234 B16.9 BW PESO 1,70 4"" SCH 80","CAPS – CASQUETE SEMIELIPTICO","","un","114.3","8.56","","","","1.7","ASTM A 234 B16.9 BW"
"A0000278","CAPS – CASQUETE SEMIELIPTICO (114,30x6,02) ASTM A 234 B16.9 BW PESO 1,17 4"" SCH 40/STD","CAPS – CASQUETE SEMIELIPTICO","","un","114.3","6.02","","","","1.17","ASTM A 234 B16.9 BW"
"A0000277","CAPS – CASQUETE SEMIELIPTICO (88,90x7,62) ASTM A 234 B16.9 BW PESO 0,92 3"" SCH 80","CAPS – CASQUETE SEMIELIPTICO","","un","88.9","7.62","","","","0.92","ASTM A 234 B16.9 BW"
"A0000276","CAPS – CASQUETE SEMIELIPTICO (88,90x5,49) ASTM A 234 B16.9 BW PESO 0,70 3"" SCH 40/STD","CAPS – CASQUETE SEMIELIPTICO","","un","88.9","5.49","","","","0.7","ASTM A 234 B16.9 BW"
"A0000275","CAPS – CASQUETE SEMIELIPTICO (73,00x5,16) ASTM A 234 B16.9 BW PESO 0,39 2 1/2"" SCH 40/STD","CAPS – CASQUETE SEMIELIPTICO","","un","73","5.16","","","","0.39","ASTM A 234 B16.9 BW"
"A0000274","CAPS – CASQUETE SEMIELIPTICO (60,30x5,54) ASTM A 234 B16.9 BW PESO 0,33 2"" SCH 80","CAPS – CASQUETE SEMIELIPTICO","","un","60.3","5.54","","","","0.33","ASTM A 234 B16.9 BW"
"A0000273","CAPS – CASQUETE SEMIELIPTICO (60,30x3,91) ASTM A 234 B16.9 BW PESO 0,25 2"" SCH 40/STD","CAPS – CASQUETE SEMIELIPTICO","","un","60.3","3.91","","","","0.25","ASTM A 234 B16.9 BW"
"A0000272","CODO RL 180º (114,30x6,02) ASTM A 234 GB WPB PESO 7,94 4"" SCH 40/STD","CODO","RL 180º","un","114.3","6.02","","","","7.94","ASTM A 234 GB WPB"
"A0000271","CODO RL 180º (88,90x5,49) ASTM A 234 GB WPB PESO 4,19 3"" SCH 40/STD","CODO","RL 180º","un","88.9","5.49","","","","4.19","ASTM A 234 GB WPB"
"A0000270","CODO RL 90º (406,40x21,44) ASTM A 234 GB WPB PESO 204,17 16"" SCH 80","CODO","RL 90º","un","406.4","21.44","","","","204.17","ASTM A 234 GB WPB"
"A0000269","CODO RL 90º (406,40x6,35) ASTM A 234 GB WPB PESO 62,95 16"" SCH 10","CODO","RL 90º","un","406.4","6.35","","","","62.95","ASTM A 234 GB WPB"
"A0000268","CODO RL 90º (273,00x15,09) ASTM A 234 GB WPB PESO 60,31 10"" SCH 80","CODO","RL 90º","un","273","15.09","","","","60.31","ASTM A 234 GB WPB"
"A0000267","CODO RL 90º (219,10x12,70) ASTM A 234 GB WPB PESO 31,30 8"" SCH 80","CODO","RL 90º","un","219.1","12.7","","","","31.3","ASTM A 234 GB WPB"
"A0000266","CODO RL 90º (219,10x7,04) ASTM A 234 GB WPB PESO 18,98 8"" SCH 30","CODO","RL 90º","un","219.1","7.04","","","","18.98","ASTM A 234 GB WPB"
"A0000265","CODO RL 90º (168,30x14,27) ASTM A 234 GB WPB PESO 20,42 6"" SCH 120","CODO","RL 90º","un","168.3","14.27","","","","20.42","ASTM A 234 GB WPB"
"A0000264","CODO RL 90º (114,30x11,13) ASTM A 234 GB WPB PESO 7,11 4"" SCH 120","CODO","RL 90º","un","114.3","11.13","","","","7.11","ASTM A 234 GB WPB"
"A0000263","CODO RL 90º (88,90x11,13) ASTM A 234 GB WPB PESO 4,02 3"" SCH 160","CODO","RL 90º","un","88.9","11.13","","","","4.02","ASTM A 234 GB WPB"
"A0000262","CODO RL 90º (26,70x3,91) ASTM A 234 GB WPB PESO 0,10 3/4"" SCH 80","CODO","RL 90º","un","26.7","3.91","","","","0.1","ASTM A 234 GB WPB"
"A0000261","CODO RL 45º (323,80x25,40) ASTM A 234 GB WPB PESO 70,44 12"" SCH 120","CODO","RL 45º","un","323.8","25.4","","","","70.44","ASTM A 234 GB WPB"
"A0000260","CODO RL 45º (273,00x15,09) ASTM A 234 GB WPB PESO 30,16 10"" SCH 80","CODO","RL 45º","un","273","15.09","","","","30.16","ASTM A 234 GB WPB"
"A0000259","CODO RL 45º (219,10x7,04) ASTM A 234 GB WPB PESO 9,49 8"" SCH 30","CODO","RL 45º","un","219.1","7.04","","","","9.49","ASTM A 234 GB WPB"
"A0000258","CODO RL 45º (114,30x13,49) ASTM A 234 GB WPB PESO 4,21 4"" SCH 160","CODO","RL 45º","un","114.3","13.49","","","","4.21","ASTM A 234 GB WPB"
"A0000257","CODO RL 45º (73,00x5,16) ASTM A 234 GB WPB PESO 0,65 2 1/2"" SCH 40/STD","CODO","RL 45º","un","73","5.16","","","","0.65","ASTM A 234 GB WPB"
"A0000256","CODO RL 45º (114,30x8,56) ASTM A 234 GB WPB PESO 2,70 4"" SCH 80","CODO","RL 45º","un","114.3","8.56","","","","2.7","ASTM A 234 GB WPB"
"A0000255","CODO RL 45º (33,40x4,55) ASTM A 234 GB WPB PESO 0,10 1"" SCH 80","CODO","RL 45º","un","33.4","4.55","","","","0.1","ASTM A 234 GB WPB"
"A0000254","CODO RL 45º (33,40x3,38) ASTM A 234 GB WPB PESO 0,08 1"" SCH 40/STD","CODO","RL 45º","un","33.4","3.38","","","","0.08","ASTM A 234 GB WPB"
"A0000253","TEE RED (168,30x114,30x7,11x6,02) ASTM A 234 GB WPB PESO 15,20 6x4"" SCH 40x40","TEE RED","","un","168.3","114.3","7.11","6.02","","15.2","ASTM A 234 GB WPB"
"A0000252","CODO RL 45º (273,00x6,35) ASTM A 234 GB WPB PESO 19,50 10"" SCH 20","CODO","RL 45º","un","273","6.35","","","","19.5","ASTM A 234 GB WPB"
"A0000251","CODO RL 45º (168,30x10,97) ASTM A 234 GB WPB PESO 7,94 6"" SCH 80","CODO","RL 45º","un","168.3","10.97","","","","7.94","ASTM A 234 GB WPB"
"A0000250","CODO RL 90º (762,00x12,70) ASTM A 234 GB WPB PESO 365,00 30"" SCH 20","CODO","RL 90º","un","762","12.7","","","","365","ASTM A 234 GB WPB"
"A0000249","BRIDA SERIE 150 (762,00) ASTM A 105 B16.5 PESO 190,00 30""","BRIDA","SERIE 150","un","762","","","","","190","ASTM A 105 B16.5"
"A0000248","CODO RL 180º (48,30x3,68) ASTM A 234 GB WPB PESO 0,73 1 1/2"" SCH 40/STD","CODO","RL 180º","un","48.3","3.68","","","","0.73","ASTM A 234 GB WPB"
"A0000247","CODO RL 180º (60,30x3,91) ASTM A 234 GB WPB PESO 1,46 2"" SCH 40","CODO","RL 180º","un","60.3","3.91","","","","1.46","ASTM A 234 GB WPB"
"A0000246","CODO RL 45º (60,30x8,74) ASTM A 234 GB WPB 2"" SCH 160","CODO","RL 45º","un","60.3","8.74","","","","0","ASTM A 234 GB WPB"
"A0000245","CODO RL 90º (60,30x8,74) ASTM A 234 GB WPB PESO 0,00 2"" SCH 160","CODO","RL 90º","un","60.3","8.74","","","","0","ASTM A 234 GB WPB"
"A0000244","CODO RL 45º (73,00x9,53) ASTM A 234 GB WPB PESO 1,68 2 1/2"" SCH 160","CODO","RL 45º","un","73","9.53","","","","1.68","ASTM A 234 GB WPB"
"A0000243","CODO RL 90º (73,00x9,53) ASTM A 234 GB WPB PESO 2,72 2 1/2"" SCH 160","CODO","RL 90º","un","73","9.53","","","","2.72","ASTM A 234 GB WPB"
"A0000242","CODO RL 90º (73,00x7,01) ASTM A 234 GB WPB PESO 1,72 2 1/2"" SCH 80","CODO","RL 90º","un","73","7.01","","","","1.72","ASTM A 234 GB WPB"
"A0000241","TEE EQUAL (323,80x10,31) ASTM A 234 GB WPB PESO 41,23 12"" SCH 40","TEE EQUAL","","un","323.8","10.31","","","","41.23","ASTM A 234 GB WPB"
"A0000240","CODO RL 90º (355,60x6,35) ASTM A 234 GB WPB PESO 44,08 14"" SCH 10","CODO","RL 90º","un","355.6","6.35","","","","44.08","ASTM A 234 GB WPB"
"A0000239","CODO RL 45º (219,10x6,35) ASTM A 234 GB WPB PESO 8,08 8"" SCH 20","CODO","RL 45º","un","219.1","6.35","","","","8.08","ASTM A 234 GB WPB"
"A0000238","CODO RL 45º (609,60x9,52) ASTM A 234 GB WPB PESO 97,77 24"" SCH 20","CODO","RL 45º","un","609.6","9.52","","","","97.77","ASTM A 234 GB WPB"
"A0000237","CODO RL 45º (457,20x6,35) ASTM A 234 GB WPB PESO 36,88 18"" SCH 10","CODO","RL 45º","un","457.2","6.35","","","","36.88","ASTM A 234 GB WPB"
"A0000236","CODO RL 45º (355,60x6,35) ASTM A 234 GB WPB PESO 22,04 14"" SCH 10","CODO","RL 45º","un","355.6","6.35","","","","22.04","ASTM A 234 GB WPB"
"A0000235","CODO RL 90º (508,00x6,35) ASTM A 234 GB WPB PESO 91,45 20"" SCH 10","CODO","RL 90º","un","508","6.35","","","","91.45","ASTM A 234 GB WPB"
"A0000234","CODO RL 90º (457,20x12,70) ASTM A 234 GB WPB PESO 141,29 18""","CODO","RL 90º","un","457.2","12.7","","","","141.29","ASTM A 234 GB WPB"
"A0000233","CODO RL 90º (323,80x9,52) ASTM A 234 GB WPB PESO 52,85 12""","CODO","RL 90º","un","323.8","9.52","","","","52.85","ASTM A 234 GB WPB"
"A0000232","BRIDA SERIE 150 (609,60) BL RF ASTM A 105 B16.5 PESO 195,04 24""","BRIDA","SERIE 150","un","609.6","","","","BL RF","195.04","ASTM A 105 B16.5"
"A0000231","CODO RL 45º (273,00x9,27) ASTM A 234 GB WPB PESO 18,55 10"" SCH 40","CODO","RL 45º","un","273","9.27","","","","18.55","ASTM A 234 GB WPB"
"A0000230","BRIDA SERIE 300 (323,80x10,31) WN RF ASTM A 105 B16.5 PESO 64,41 12"" SCH 40","BRIDA","SERIE 300","un","323.8","10.31","","","WN RF","64.41","ASTM A 105 B16.5"
"A0000229","BRIDA SERIE 300 (26,70x3,91) SW RF ASTM A 105 B16.5 PESO 1,19 3/4""","BRIDA","SERIE 300","un","26.7","3.91","","","SW RF","1.19","ASTM A 105 B16.5"
"A0000228","BRIDA SERIE 300 (323,80x6,35) WN RF ASTM A 105 B16.5 PESO 64,41 12"" SCH 20","BRIDA","SERIE 300","un","323.8","6.35","","","WN RF","64.41","ASTM A 105 B16.5"
"A0000227","BRIDA SERIE 300 (88,90x5,49) SW RF ASTM A 105 B16.5 PESO 5,90 3"" SCH 40","BRIDA","SERIE 300","un","88.9","5.49","","","SW RF","5.9","ASTM A 105 B16.5"
"A0000226","BRIDA SERIE 300 (60,30x3,91) SW RF ASTM A 105 B16.5 PESO 2,87 2""","BRIDA","SERIE 300","un","60.3","3.91","","","SW RF","2.87","ASTM A 105 B16.5"
"A0000225","BRIDA SERIE 300 (33,40x3,38) SW RF ASTM A 105 B16.5 PESO 1,44 1""","BRIDA","SERIE 300","un","33.4","3.38","","","SW RF","1.44","ASTM A 105 B16.5"
"A0000224","BRIDA SERIE 300 (26,70x2,87) SW RF ASTM A 105 B16.5 PESO 1,19 3/4""","BRIDA","SERIE 300","un","26.7","2.87","","","SW RF","1.19","ASTM A 105 B16.5"
"A0000223","BRIDA SERIE 300 (21,30x2,77) SW RF ASTM A 105 B16.5 PESO 0,62 1/2""","BRIDA","SERIE 300","un","21.3","2.77","","","SW RF","0.62","ASTM A 105 B16.5"
"A0000222","BRIDA SERIE 300 (273,00) SO RF ASTM A 105 B16.5 PESO 34,16 10""","BRIDA","SERIE 300","un","273","","","","SO RF","34.16","ASTM A 105 B16.5"
"A0000221","BRIDA SERIE 300 (114,30) SO RF ASTM A 105 B16.5 PESO 10,13 4""","BRIDA","SERIE 300","un","114.3","","","","SO RF","10.13","ASTM A 105 B16.5"
"A0000220","BRIDA SERIE 300 (33,40) SO RF ASTM A 105 B16.5 PESO 1,39 1""","BRIDA","SERIE 300","un","33.4","","","","SO RF","1.39","ASTM A 105 B16.5"
"A0000219","BRIDA SERIE 150 (323,80x10,31) WN RF ASTM A 105 B16.5 PESO 38,98 12"" SCH 40","BRIDA","SERIE 150","un","323.8","10.31","","","WN RF","38.98","ASTM A 105 B16.5"
"A0000218","BRIDA SERIE 150 (168,30x10,97) SW RF ASTM A 105 B16.5 PESO 7,99 6"" SCH 80","BRIDA","SERIE 150","un","168.3","10.97","","","SW RF","7.99","ASTM A 105 B16.5"
"A0000217","BRIDA SERIE 150 (168,30x7,11) SW RF ASTM A 105 B16.5 PESO 7,99 6"" SCH 40","BRIDA","SERIE 150","un","168.3","7.11","","","SW RF","7.99","ASTM A 105 B16.5"
"A0000216","BRIDA SERIE 150 (114,30x8,56) SW RF ASTM A 105 B16.5 PESO 5,99 4"" SCH 80","BRIDA","SERIE 150","un","114.3","8.56","","","SW RF","5.99","ASTM A 105 B16.5"
"A0000215","BRIDA SERIE 150 (114,30x6,02) SW RF ASTM A 105 B16.5 PESO 5,99 4"" SCH 40","BRIDA","SERIE 150","un","114.3","6.02","","","SW RF","5.99","ASTM A 105 B16.5"
"A0000214","BRIDA SERIE 150 (88,90x7,62) SW  RF ASTM A 105 B16.5 PESO 4,02 3"" SCH 80","BRIDA","SERIE 150","un","88.9","7.62","","","SW  RF","4.02","ASTM A 105 B16.5"
"A0000213","BRIDA SERIE 150 (88,90x5,49) SW RF ASTM A 105 B16.5 PESO 4,02 3"" SCH 40","BRIDA","SERIE 150","un","88.9","5.49","","","SW RF","4.02","ASTM A 105 B16.5"
"A0000212","BRIDA SERIE 150 (609,60) SO RF ASTM A 105 B16.5 PESO 90,50 24""","BRIDA","SERIE 150","un","609.6","","","","SO RF","90.5","ASTM A 105 B16.5"
"A0000211","BRIDA SERIE 150 (406,40) BL RF ASTM A 105 B16.5 PESO 44,80 16""","BRIDA","SERIE 150","un","406.4","","","","BL RF","44.8","ASTM A 105 B16.5"
"A0000210","BRIDA SERIE 150 (323,80) BL RF ASTM A 105 B16.5 PESO 26,20 12""","BRIDA","SERIE 150","un","323.8","","","","BL RF","26.2","ASTM A 105 B16.5"
"A0000209","BRIDA SERIE 150 (219,10) BL RF ASTM A 105 B16.5 PESO 12,10 8""","BRIDA","SERIE 150","un","219.1","","","","BL RF","12.1","ASTM A 105 B16.5"
"A0000208","BRIDA SERIE 150 (168,30) BL RF ASTM A 105 B16.5 PESO 7,45 6""","BRIDA","SERIE 150","un","168.3","","","","BL RF","7.45","ASTM A 105 B16.5"
"A0000207","BRIDA SERIE 150 (114,30) BL RF ASTM A 105 B16.5 PESO 5,30 4""","BRIDA","SERIE 150","un","114.3","","","","BL RF","5.3","ASTM A 105 B16.5"
"A0000206","BRIDA SERIE 150 (88,90) BL RF ASTM A 105 B16.5 PESO 3,85 3""","BRIDA","SERIE 150","un","88.9","","","","BL RF","3.85","ASTM A 105 B16.5"
"A0000205","BRIDA SERIE 150 (60,30) BL RF ASTM A 105 B16.5 PESO 2,06 2""","BRIDA","SERIE 150","un","60.3","","","","BL RF","2.06","ASTM A 105 B16.5"
"A0000204","BRIDA SERIE 600 (355,60x19,05) WN RF ASTM A 105 B16.5 PESO 136,61 14"" SCH 80","BRIDA","SERIE 600","un","355.6","19.05","","","WN RF","136.61","ASTM A 105 B16.5"
"A0000203","BRIDA SERIE 600 (323,80x17,48) WN RF ASTM A 105 B16.5 PESO 113,58 12"" SCH 80","BRIDA","SERIE 600","un","323.8","17.48","","","WN RF","113.58","ASTM A 105 B16.5"
"A0000202","BRIDA SERIE 600 (323,80x10,31) WN RF ASTM A 105 B16.5 PESO 105,51 12"" SCH 40","BRIDA","SERIE 600","un","323.8","10.31","","","WN RF","105.51","ASTM A 105 B16.5"
"A0000201","BRIDA SERIE 600 (273,00x15,09) WN RF ASTM A 105 B16.5 PESO 92,74 10"" SCH 80","BRIDA","SERIE 600","un","273","15.09","","","WN RF","92.74","ASTM A 105 B16.5"
"A0000200","BRIDA SERIE 600 (273,00x9,27) WN RF ASTM A 105 B16.5 PESO 87,03 10"" SCH 40","BRIDA","SERIE 600","un","273","9.27","","","WN RF","87.03","ASTM A 105 B16.5"
"A0000199","BRIDA SERIE 600 (219,10x12,70) WN RF ASTM A 105 B16.5 PESO 56,04 8"" SCH 80","BRIDA","SERIE 600","un","219.1","12.7","","","WN RF","56.04","ASTM A 105 B16.5"
"A0000198","BRIDA SERIE 600 (219,10x10,31) WN RF ASTM A 105 B16.5 PESO 54,41 8"" SCH 60","BRIDA","SERIE 600","un","219.1","10.31","","","WN RF","54.41","ASTM A 105 B16.5"
"A0000197","BRIDA SERIE 600 (168,30x10,97) WN RF ASTM A 105 B16.5 PESO 36,31 6"" SCH 80","BRIDA","SERIE 600","un","168.3","10.97","","","WN RF","36.31","ASTM A 105 B16.5"
"A0000196","BRIDA SERIE 600 (168,30x7,11) WN RF ASTM A 105 B16.5 PESO 34,36 6"" SCH 40","BRIDA","SERIE 600","un","168.3","7.11","","","WN RF","34.36","ASTM A 105 B16.5"
"A0000195","BRIDA SERIE 600 (114,30x8,56) WN RF ASTM A 105 B16.5 PESO 18,27 4"" SCH 80","BRIDA","SERIE 600","un","114.3","8.56","","","WN RF","18.27","ASTM A 105 B16.5"
"A0000194","BRIDA SERIE 600 (114,30x6,02) WN RF ASTM A 105 B16.5 PESO 17,58 4"" SCH 40","BRIDA","SERIE 600","un","114.3","6.02","","","WN RF","17.58","ASTM A 105 B16.5"
"A0000193","BRIDA SERIE 600 (88,90x7,62) WN RF ASTM A 105 B16.5 PESO 8,89 3"" SCH 80","BRIDA","SERIE 600","un","88.9","7.62","","","WN RF","8.89","ASTM A 105 B16.5"
"A0000192","BRIDA SERIE 600 (88,90x5,49) WN RF ASTM A 105 B16.5 PESO 8,54 3"" SCH 40","BRIDA","SERIE 600","un","88.9","5.49","","","WN RF","8.54","ASTM A 105 B16.5"
"A0000191","BRIDA SERIE 600 (60,30x5,54) WN RF ASTM A 105 B16.5 PESO 4,53 2""","BRIDA","SERIE 600","un","60.3","5.54","","","WN RF","4.53","ASTM A 105 B16.5"
"A0000190","BRIDA SERIE 600 (60,30x3,91) WN RF ASTM A 105 B16.5 PESO 4,36 2""","BRIDA","SERIE 600","un","60.3","3.91","","","WN RF","4.36","ASTM A 105 B16.5"
"A0000189","BRIDA SERIE 600 (48,30x7,14) SW RF ASTM A 105 B16.5 PESO 3,76 1 1/2 ""","BRIDA","SERIE 600","un","48.3","7.14","","","SW RF","3.76","ASTM A 105 B16.5"
"A0000188","BRIDA SERIE 600 (33,40x6,35) SW RF ASTM A 105 B16.5 PESO 1,98 1""","BRIDA","SERIE 600","un","33.4","6.35","","","SW RF","1.98","ASTM A 105 B16.5"
"A0000187","BRIDA SERIE 600 (33,40x4,55) SW RF ASTM A 105 B16.5 PESO 1,61 1""","BRIDA","SERIE 600","un","33.4","4.55","","","SW RF","1.61","ASTM A 105 B16.5"
"A0000186","BRIDA SERIE 600 (323,80) SO RF ASTM A 105 B16.5 PESO 84,20 12""","BRIDA","SERIE 600","un","323.8","","","","SO RF","84.2","ASTM A 105 B16.5"
"A0000185","BRIDA SERIE 600 (168,30) SO RF ASTM A 105 B16.5 PESO 28,70 6""","BRIDA","SERIE 600","un","168.3","","","","SO RF","28.7","ASTM A 105 B16.5"
"A0000184","BRIDA SERIE 600 (114,30) SO RF ASTM A 105 B16.5 PESO 14,50 4""","BRIDA","SERIE 600","un","114.3","","","","SO RF","14.5","ASTM A 105 B16.5"
"A0000183","BRIDA SERIE 600 (406,40) BL RF ASTM A 105 B16.5 PESO 214,00 16""","BRIDA","SERIE 600","un","406.4","","","","BL RF","214","ASTM A 105 B16.5"
"A0000182","BRIDA SERIE 600 (323,80) BL RF ASTM A 105 B16.5 PESO 124,00 12""","BRIDA","SERIE 600","un","323.8","","","","BL RF","124","ASTM A 105 B16.5"
"A0000181","BRIDA SERIE 600 (219,10) BL RF ASTM A 105 B16.5 PESO 58,90 8""","BRIDA","SERIE 600","un","219.1","","","","BL RF","58.9","ASTM A 105 B16.5"
"A0000180","BRIDA SERIE 600 (168,30) BL RF ASTM A 105 B16.5 PESO 36,10 6""","BRIDA","SERIE 600","un","168.3","","","","BL RF","36.1","ASTM A 105 B16.5"
"A0000179","BRIDA SERIE 600 (114,30) BL RF ASTM A 105 B16.5 PESO 17,30 4""","BRIDA","SERIE 600","un","114.3","","","","BL RF","17.3","ASTM A 105 B16.5"
"A0000178","BRIDA SERIE 600 (88,90) BL RF ASTM A 105 B16.5 PESO 9,80 3""","BRIDA","SERIE 600","un","88.9","","","","BL RF","9.8","ASTM A 105 B16.5"
"A0000177","BRIDA SERIE 600 (60,30) BL RF ASTM A 105 B16.5 PESO 4,15 2""","BRIDA","SERIE 600","un","60.3","","","","BL RF","4.15","ASTM A 105 B16.5"
"A0000176","BRIDA SERIE 600 (48,30) BL RF ASTM A 105 B16.5 PESO 3,25 1 1/2""","BRIDA","SERIE 600","un","48.3","","","","BL RF","3.25","ASTM A 105 B16.5"
"A0000175","BRIDA SERIE 600 (33,40) BL RF ASTM A 105 B16.5 PESO 1,60 1""","BRIDA","SERIE 600","un","33.4","","","","BL RF","1.6","ASTM A 105 B16.5"
"A0000174","BRIDA SERIE 300 (355,60x11,10) WN RF ASTM A 105 B16.5 PESO 91,64 14"" SCH 40","BRIDA","SERIE 300","un","355.6","11.1","","","WN RF","91.64","ASTM A 105 B16.5"
"A0000173","BRIDA SERIE 300 (323,80x9,52) WN RF ASTM A 105 B16.5 PESO 61,80 12"" SCH STD","BRIDA","SERIE 300","un","323.8","9.52","","","WN RF","61.8","ASTM A 105 B16.5"
"A0000172","BRIDA SERIE 300 (323,80x17,48) WN RF ASTM A 105 B16.5 PESO 71,56 12"" SCH 80","BRIDA","SERIE 300","un","323.8","17.48","","","WN RF","71.56","ASTM A 105 B16.5"
"A0000171","BRIDA SERIE 300 (273,00x15,09) WN RF ASTM A 105 B16.5 PESO 48,81 10"" SCH 80","BRIDA","SERIE 300","un","273","15.09","","","WN RF","48.81","ASTM A 105 B16.5"
"A0000170","BRIDA SERIE 300 (273,00x9,27) WN RF ASTM A 105 B16.5 PESO 44,58 10"" SCH 40","BRIDA","SERIE 300","un","273","9.27","","","WN RF","44.58","ASTM A 105 B16.5"
"A0000169","BRIDA SERIE 300 (219,10x12,70) WN RF ASTM A 105 B16.5 PESO 33,34 8"" SCH 80","BRIDA","SERIE 300","un","219.1","12.7","","","WN RF","33.34","ASTM A 105 B16.5"
"A0000168","BRIDA SERIE 300 (219,10x10,31) WN RF ASTM A 105 B16.5 PESO 32,04 8"" SCH 60","BRIDA","SERIE 300","un","219.1","10.31","","","WN RF","32.04","ASTM A 105 B16.5"
"A0000167","BRIDA SERIE 300 (219,10x8,18) WN RF ASTM A 105 B16.5 PESO 30,88 8"" SCH 40","BRIDA","SERIE 300","un","219.1","8.18","","","WN RF","30.88","ASTM A 105 B16.5"
"A0000166","BRIDA SERIE 300 (219,10x6,35) WN RF ASTM A 105 B16.5 PESO 29,84 8"" SCH 20","BRIDA","SERIE 300","un","219.1","6.35","","","WN RF","29.84","ASTM A 105 B16.5"
"A0000165","BRIDA SERIE 300 (168,30x14,27) WN RF ASTM A 105 B16.5 PESO 22,90 6"" SCH 120","BRIDA","SERIE 300","un","168.3","14.27","","","WN RF","22.9","ASTM A 105 B16.5"
"A0000164","BRIDA SERIE 300 (168,30x10,97) WN RF ASTM A 105 B16.5 PESO 21,74 6"" SCH 80","BRIDA","SERIE 300","un","168.3","10.97","","","WN RF","21.74","ASTM A 105 B16.5"
"A0000163","BRIDA SERIE 300 (168,30x7,11) WN RF ASTM A 105 B16.5 PESO 20,33 6"" SCH 40","BRIDA","SERIE 300","un","168.3","7.11","","","WN RF","20.33","ASTM A 105 B16.5"
"A0000162","BRIDA SERIE 300 (114,30x8,56) WN RF ASTM A 105 B16.5 PESO 12,32 4"" SCH 80","BRIDA","SERIE 300","un","114.3","8.56","","","WN RF","12.32","ASTM A 105 B16.5"
"A0000161","BRIDA SERIE 300 (114,30x6,02) WN RF ASTM A 105 B16.5 PESO 11,78 4"" SCH 40","BRIDA","SERIE 300","un","114.3","6.02","","","WN RF","11.78","ASTM A 105 B16.5"
"A0000160","BRIDA SERIE 300 (88,90x7,62) WN RF ASTM A 105 B16.5 PESO 7,51 3"" SCH 80","BRIDA","SERIE 300","un","88.9","7.62","","","WN RF","7.51","ASTM A 105 B16.5"
"A0000159","BRIDA SERIE 300 (88,90x5,49) WN RF ASTM A 105 B16.5 PESO 7,20 3"" SCH 40","BRIDA","SERIE 300","un","88.9","5.49","","","WN RF","7.2","ASTM A 105 B16.5"
"A0000158","BRIDA SERIE 300 (60,30x5,54) WN RF ASTM A 105 B16.5 PESO 3,70 2""","BRIDA","SERIE 300","un","60.3","5.54","","","WN RF","3.7","ASTM A 105 B16.5"
"A0000157","BRIDA SERIE 300 (60,30x3,91) WN RF ASTM A 105 B16.5 PESO 3,55 2""","BRIDA","SERIE 300","un","60.3","3.91","","","WN RF","3.55","ASTM A 105 B16.5"
"A0000156","BRIDA SERIE 300 (48,30x5,08) WN RF ASTM A 105 B16.5 PESO 3,09 1 1/2""","BRIDA","SERIE 300","un","48.3","5.08","","","WN RF","3.09","ASTM A 105 B16.5"
"A0000155","BRIDA SERIE 300 (48,30x3,68) WN RF ASTM A 105 B16.5 PESO 2,99 1 1/2""","BRIDA","SERIE 300","un","48.3","3.68","","","WN RF","2.99","ASTM A 105 B16.5"
"A0000154","BRIDA SERIE 300 (323,80) SO RF ASTM A 105 B16.5 PESO 49,80 12""","BRIDA","SERIE 300","un","323.8","","","","SO RF","49.8","ASTM A 105 B16.5"
"A0000153","BRIDA SERIE 300 (219,10) SO RF ASTM A 105 B16.5 PESO 24,20 8""","BRIDA","SERIE 300","un","219.1","","","","SO RF","24.2","ASTM A 105 B16.5"
"A0000152","BRIDA SERIE 300 (168,30) SO RF ASTM A 105 B16.5 PESO 15,60 6""","BRIDA","SERIE 300","un","168.3","","","","SO RF","15.6","ASTM A 105 B16.5"
"A0000151","BRIDA SERIE 300 (88,90) SO RF ASTM A 105 B16.5 PESO 5,85 3""","BRIDA","SERIE 300","un","88.9","","","","SO RF","5.85","ASTM A 105 B16.5"
"A0000150","BRIDA SERIE 300 (60,30) SO RF ASTM A 105 B16.5 PESO 2,87 2""","BRIDA","SERIE 300","un","60.3","","","","SO RF","2.87","ASTM A 105 B16.5"
"A0000149","BRIDA SERIE 300 (26,70) SO RF ASTM A 105 B16.5 PESO 1,12 3/4""","BRIDA","SERIE 300","un","26.7","","","","SO RF","1.12","ASTM A 105 B16.5"
"A0000148","BRIDA SERIE 300 (406,40) BL RF ASTM A 105 B16.5 PESO 137,00 16""","BRIDA","SERIE 300","un","406.4","","","","BL RF","137","ASTM A 105 B16.5"
"A0000147","BRIDA SERIE 300 (323,80) BL RF ASTM A 105 B16.5 PESO 79,10 12""","BRIDA","SERIE 300","un","323.8","","","","BL RF","79.1","ASTM A 105 B16.5"
"A0000146","BRIDA SERIE 300 (273,00) BL RF ASTM A 105 B16.5 PESO 53,50 10""","BRIDA","SERIE 300","un","273","","","","BL RF","53.5","ASTM A 105 B16.5"
"A0000145","BRIDA SERIE 300 (219,10) BL RF ASTM A 105 B16.5 PESO 34,30 8""","BRIDA","SERIE 300","un","219.1","","","","BL RF","34.3","ASTM A 105 B16.5"
"A0000144","BRIDA SERIE 300 (168,30) BL RF ASTM A 105 B16.5 PESO 21,41 6""","BRIDA","SERIE 300","un","168.3","","","","BL RF","21.41","ASTM A 105 B16.5"
"A0000143","BRIDA SERIE 300 (114,30) BL RF ASTM A 105 B16.5 PESO 11,69 4""","BRIDA","SERIE 300","un","114.3","","","","BL RF","11.69","ASTM A 105 B16.5"
"A0000142","BRIDA SERIE 300 (88,90) BL RF ASTM A 105 B16.5 PESO 6,68 3""","BRIDA","SERIE 300","un","88.9","","","","BL RF","6.68","ASTM A 105 B16.5"
"A0000141","BRIDA SERIE 300 (60,30) BL RF ASTM A 105 B16.5 PESO 3,18 2""","BRIDA","SERIE 300","un","60.3","","","","BL RF","3.18","ASTM A 105 B16.5"
"A0000140","BRIDA SERIE 300 (33,40) BL RF ASTM A 105 B16.5 PESO 1,39 1""","BRIDA","SERIE 300","un","33.4","","","","BL RF","1.39","ASTM A 105 B16.5"
"A0000139","BRIDA SERIE 300 (26,70) BL RF ASTM A 105 B16.5 PESO 1,11 3/4""","BRIDA","SERIE 300","un","26.7","","","","BL RF","1.11","ASTM A 105 B16.5"
"A0000138","BRIDA SERIE 150 (508,00x9,52) WN RF ASTM A 105 B16.5 PESO 88,55 20"" SCH STD","BRIDA","SERIE 150","un","508","9.52","","","WN RF","88.55","ASTM A 105 B16.5"
"A0000137","BRIDA SERIE 150 (457,20x9,52) WN RF ASTM A 105 B16.5 PESO 68,30 18"" SCH STD","BRIDA","SERIE 150","un","457.2","9.52","","","WN RF","68.3","ASTM A 105 B16.5"
"A0000136","BRIDA SERIE 150 (406,40x12,70) WN RF ASTM A 105 B16.5 PESO 66,27 16"" SCH 40","BRIDA","SERIE 150","un","406.4","12.7","","","WN RF","66.27","ASTM A 105 B16.5"
"A0000135","BRIDA SERIE 150 (406,40x7,92) WN RF ASTM A 105 B16.5 PESO 60,44 16"" SCH 20","BRIDA","SERIE 150","un","406.4","7.92","","","WN RF","60.44","ASTM A 105 B16.5"
"A0000134","BRIDA SERIE 150 (355,60x11,10) WN RF ASTM A 105 B16.5 PESO 52,79 14"" SCH 40","BRIDA","SERIE 150","un","355.6","11.1","","","WN RF","52.79","ASTM A 105 B16.5"
"A0000133","BRIDA SERIE 150 (355,60x7,92) WN RF ASTM A 105 B16.5 PESO 49,03 14"" SCH 20","BRIDA","SERIE 150","un","355.6","7.92","","","WN RF","49.03","ASTM A 105 B16.5"
"A0000132","BRIDA SERIE 150 (323,80x17,48) WN RF ASTM A 105 B16.5 PESO 45,49 12"" SCH 80","BRIDA","SERIE 150","un","323.8","17.48","","","WN RF","45.49","ASTM A 105 B16.5"
"A0000131","BRIDA SERIE 150 (323,80x6,35) WN RF ASTM A 105 B16.5 PESO 36,12 12"" SCH 20","BRIDA","SERIE 150","un","323.8","6.35","","","WN RF","36.12","ASTM A 105 B16.5"
"A0000130","BRIDA SERIE 150 (273,00x9,27) WN RF ASTM A 105 B16.5 PESO 24,89 10"" SCH 40","BRIDA","SERIE 150","un","273","9.27","","","WN RF","24.89","ASTM A 105 B16.5"
"A0000129","BRIDA SERIE 150 (273,00x6,35) WN RF ASTM A 105 B16.5 PESO 24,00 10"" SCH 20","BRIDA","SERIE 150","un","273","6.35","","","WN RF","24","ASTM A 105 B16.5"
"A0000128","BRIDA SERIE 150 (219,10x8,18) WN RF ASTM A 105 B16.5 PESO 18,59 8"" SCH 40","BRIDA","SERIE 150","un","219.1","8.18","","","WN RF","18.59","ASTM A 105 B16.5"
"A0000127","BRIDA SERIE 150 (219,10x6,35) WN RF ASTM A 105 B16.5 PESO 17,41 8"" SCH 20","BRIDA","SERIE 150","un","219.1","6.35","","","WN RF","17.41","ASTM A 105 B16.5"
"A0000126","BRIDA SERIE 150 (168,30x10,97) WN RF ASTM A 105 B16.5 PESO 12,45 6"" SCH 80","BRIDA","SERIE 150","un","168.3","10.97","","","WN RF","12.45","ASTM A 105 B16.5"
"A0000125","BRIDA SERIE 150 (168,30x7,11) WN RF ASTM A 105 B16.5 PESO 11,17 6"" SCH 40","BRIDA","SERIE 150","un","168.3","7.11","","","WN RF","11.17","ASTM A 105 B16.5"
"A0000124","BRIDA SERIE 150 (114,30x8,56) WN RF ASTM A 105 B16.5 PESO 7,73 4"" SCH 80","BRIDA","SERIE 150","un","114.3","8.56","","","WN RF","7.73","ASTM A 105 B16.5"
"A0000123","BRIDA SERIE 150 (114,30x6,02) WN RF ASTM A 105 B16.5 PESO 7,25 4"" SCH 40","BRIDA","SERIE 150","un","114.3","6.02","","","WN RF","7.25","ASTM A 105 B16.5"
"A0000122","BRIDA SERIE 150 (88,90x7,62) WN RF ASTM A 105 B16.5 PESO 5,36 3"" SCH 80","BRIDA","SERIE 150","un","88.9","7.62","","","WN RF","5.36","ASTM A 105 B16.5"
"A0000121","BRIDA SERIE 150 (88,90x5,49) WN RF ASTM A 105 B16.5 PESO 5,08 3"" SCH 40","BRIDA","SERIE 150","un","88.9","5.49","","","WN RF","5.08","ASTM A 105 B16.5"
"A0000120","BRIDA SERIE 150 (60,30x5,54) WN RF ASTM A 105 B16.5 PESO 2,73 2"" SCH 80","BRIDA","SERIE 150","un","60.3","5.54","","","WN RF","2.73","ASTM A 105 B16.5"
"A0000119","BRIDA SERIE 150 (60,30x3,91) WN RF ASTM A 105 B16.5 PESO 2,60 2"" SCH 40","BRIDA","SERIE 150","un","60.3","3.91","","","WN RF","2.6","ASTM A 105 B16.5"
"A0000118","BRIDA SERIE 150 (48,30x5,08) WN RF ASTM A 105 B16.5 PESO 1,82 1 1/2"" SCH 80","BRIDA","SERIE 150","un","48.3","5.08","","","WN RF","1.82","ASTM A 105 B16.5"
"A0000117","BRIDA SERIE 150 (48,30x3,68) WN RF ASTM A 105 B16.5 PESO 1,74 1 1/2"" SCH 40","BRIDA","SERIE 150","un","48.3","3.68","","","WN RF","1.74","ASTM A 105 B16.5"
"A0000116","BRIDA SERIE 150 (33,40x4,55) WN RF ASTM A 105 B16.5 PESO 1,13 1"" SCH 80","BRIDA","SERIE 150","un","33.4","4.55","","","WN RF","1.13","ASTM A 105 B16.5"
"A0000115","BRIDA SERIE 150 (33,40x3,38) WN RF ASTM A 105 B16.5 PESO 1,09 1"" SCH 40","BRIDA","SERIE 150","un","33.4","3.38","","","WN RF","1.09","ASTM A 105 B16.5"
"A0000114","BRIDA SERIE 150 (60,30x5,54) SW RF ASTM A 105 B16.5 PESO 2,14 2"" SCH 80","BRIDA","SERIE 150","un","60.3","5.54","","","SW RF","2.14","ASTM A 105 B16.5"
"A0000113","BRIDA SERIE 150 (60,30x3,91) SW RF ASTM A 105 B16.5 PESO 2,10 2"" SCH 40","BRIDA","SERIE 150","un","60.3","3.91","","","SW RF","2.1","ASTM A 105 B16.5"
"A0000112","BRIDA SERIE 150 (48,30x5,08) SW RF ASTM A 105 B16.5 PESO 1,39 1 1/2"" SCH 80","BRIDA","SERIE 150","un","48.3","5.08","","","SW RF","1.39","ASTM A 105 B16.5"
"A0000111","BRIDA SERIE 150 (48,30x3,68) SW RF ASTM A 105 B16.5 PESO 1,36 1 1/2"" SCH 40","BRIDA","SERIE 150","un","48.3","3.68","","","SW RF","1.36","ASTM A 105 B16.5"
"A0000110","BRIDA SERIE 150 (33,40x4,55) SW RF ASTM A 105 B16.5 PESO 0,82 1"" SCH 80","BRIDA","SERIE 150","un","33.4","4.55","","","SW RF","0.82","ASTM A 105 B16.5"
"A0000109","BRIDA SERIE 150 (33,40x3,38) SW RF ASTM A 105 B16.5 PESO 0,81 1"" SCH 40","BRIDA","SERIE 150","un","33.4","3.38","","","SW RF","0.81","ASTM A 105 B16.5"
"A0000108","BRIDA SERIE 150 (508,00) SO RF ASTM A 105 B16.5 PESO 61,90 20""","BRIDA","SERIE 150","un","508","","","","SO RF","61.9","ASTM A 105 B16.5"
"A0000107","BRIDA SERIE 150 (457,20) SO RF ASTM A 105 B16.5 PESO 48,90 18""","BRIDA","SERIE 150","un","457.2","","","","SO RF","48.9","ASTM A 105 B16.5"
"A0000106","BRIDA SERIE 150 (406,40) SO RF ASTM A 105 B16.5 PESO 44,80 16""","BRIDA","SERIE 150","un","406.4","","","","SO RF","44.8","ASTM A 105 B16.5"
"A0000105","BRIDA SERIE 150 (355,60) SO RF ASTM A 105 B16.5 PESO 34,60 14""","BRIDA","SERIE 150","un","355.6","","","","SO RF","34.6","ASTM A 105 B16.5"
"A0000104","BRIDA SERIE 150 (323,80) SO RF ASTM A 105 B16.5 PESO 26,20 12""","BRIDA","SERIE 150","un","323.8","","","","SO RF","26.2","ASTM A 105 B16.5"
"A0000103","BRIDA SERIE 150 (273,00) SO RF ASTM A 105 B16.5 PESO 16,50 10""","BRIDA","SERIE 150","un","273","","","","SO RF","16.5","ASTM A 105 B16.5"
"A0000102","BRIDA SERIE 150 (219,10) SO RF ASTM A 105 B16.5 PESO 12,10 8""","BRIDA","SERIE 150","un","219.1","","","","SO RF","12.1","ASTM A 105 B16.5"
"A0000101","BRIDA SERIE 150 (168,30) SO RF ASTM A 105 B16.5 PESO 7,45 6""","BRIDA","SERIE 150","un","168.3","","","","SO RF","7.45","ASTM A 105 B16.5"
"A0000100","BRIDA SERIE 150 (114,30) SO RF ASTM A 105 B16.5 PESO 5,30 4""","BRIDA","SERIE 150","un","114.3","","","","SO RF","5.3","ASTM A 105 B16.5"
"A0000099","BRIDA SERIE 150 (88,90) SO RF ASTM A 105 B16.5 PESO 3,85 3""","BRIDA","SERIE 150","un","88.9","","","","SO RF","3.85","ASTM A 105 B16.5"
"A0000098","BRIDA SERIE 150 (73,00) SO RF ASTM A 105 B16.5 PESO 3,28 2 1/2""","BRIDA","SERIE 150","un","73","","","","SO RF","3.28","ASTM A 105 B16.5"
"A0000097","BRIDA SERIE 150 (60,30) SO RF ASTM A 105 B16.5 PESO 2,06 2""","BRIDA","SERIE 150","un","60.3","","","","SO RF","2.06","ASTM A 105 B16.5"
"A0000096","BRIDA SERIE 150 (48,30) SO RF ASTM A 105 B16.5 PESO 1,32 1 1/2""","BRIDA","SERIE 150","un","48.3","","","","SO RF","1.32","ASTM A 105 B16.5"
"A0000095","BRIDA SERIE 150 (42,20) SO RF ASTM A 105 B16.5 PESO 1,03 1 1/4""","BRIDA","SERIE 150","un","42.2","","","","SO RF","1.03","ASTM A 105 B16.5"
"A0000094","BRIDA SERIE 150 (33,40) SO RF ASTM A 105 B16.5 PESO 0,78 1""","BRIDA","SERIE 150","un","33.4","","","","SO RF","0.78","ASTM A 105 B16.5"
"A0000093","BRIDA SERIE 150 (26,70) SO RF ASTM A 105 B16.5 PESO 0,56 3/4""","BRIDA","SERIE 150","un","26.7","","","","SO RF","0.56","ASTM A 105 B16.5"
"A0000092","BRIDA SERIE 150 (508,00) BL RF ASTM A 105 B16.5 PESO 122,00 20""","BRIDA","SERIE 150","un","508","","","","BL RF","122","ASTM A 105 B16.5"
"A0000091","BRIDA SERIE 150 (457,20) BL RF ASTM A 105 B16.5 PESO 93,70 18""","BRIDA","SERIE 150","un","457.2","","","","BL RF","93.7","ASTM A 105 B16.5"
"A0000090","BRIDA SERIE 150 (406,40) BL RF ASTM A 105 B16.5 PESO 76,00 16""","BRIDA","SERIE 150","un","406.4","","","","BL RF","76","ASTM A 105 B16.5"
"A0000089","BRIDA SERIE 150 (355,60) BL RF ASTM A 105 B16.5 PESO 58,10 14""","BRIDA","SERIE 150","un","355.6","","","","BL RF","58.1","ASTM A 105 B16.5"
"A0000088","BRIDA SERIE 150 (323,80) BL RF ASTM A 105 B16.5 PESO 43,20 12""","BRIDA","SERIE 150","un","323.8","","","","BL RF","43.2","ASTM A 105 B16.5"
"A0000087","BRIDA SERIE 150 (273,00) BL RF ASTM A 105 B16.5 PESO 28,80 10""","BRIDA","SERIE 150","un","273","","","","BL RF","28.8","ASTM A 105 B16.5"
"A0000086","BRIDA SERIE 150 (219,10) BL RF ASTM A 105 B16.5 PESO 19,60 8""","BRIDA","SERIE 150","un","219.1","","","","BL RF","19.6","ASTM A 105 B16.5"
"A0000085","BRIDA SERIE 150 (168,30) BL RF ASTM A 105 B16.5 PESO 11,30 6""","BRIDA","SERIE 150","un","168.3","","","","BL RF","11.3","ASTM A 105 B16.5"
"A0000084","BRIDA SERIE 150 (114,30) BL RF ASTM A 105 B16.5 PESO 7,00 4""","BRIDA","SERIE 150","un","114.3","","","","BL RF","7","ASTM A 105 B16.5"
"A0000083","BRIDA SERIE 150 (88,90) BL RF ASTM A 105 B16.5 PESO 4,93 3""","BRIDA","SERIE 150","un","88.9","","","","BL RF","4.93","ASTM A 105 B16.5"
"A0000082","BRIDA SERIE 150 (60,30) BL RF ASTM A 105 B16.5 PESO 2,42 2""","BRIDA","SERIE 150","un","60.3","","","","BL RF","2.42","ASTM A 105 B16.5"
"A0000081","BRIDA SERIE 150 (48,30) BL RF ASTM A 105 B16.5 PESO 1,53 1 1/2""","BRIDA","SERIE 150","un","48.3","","","","BL RF","1.53","ASTM A 105 B16.5"
"A0000080","BRIDA SERIE 150 (42,20) BL RF ASTM A 105 B16.5 PESO 1,17 1 1/4""","BRIDA","SERIE 150","un","42.2","","","","BL RF","1.17","ASTM A 105 B16.5"
"A0000079","BRIDA SERIE 150 (33,40) BL RF ASTM A 105 B16.5 PESO 0,86 1""","BRIDA","SERIE 150","un","33.4","","","","BL RF","0.86","ASTM A 105 B16.5"
"A0000078","BRIDA SERIE 150 (26,70) BL RF ASTM A 105 B16.5 PESO 0,61 3/4""","BRIDA","SERIE 150","un","26.7","","","","BL RF","0.61","ASTM A 105 B16.5"
"A0000077","RED EXC (273,00x168,30x9,27x7,11) ASTM A 234 GB WPB PESO 9,38 10x6"" SCH 40","RED EXC","","un","273","168.3","9.27","7.11","","9.38","ASTM A 234 GB WPB"
"A0000076","RED EXC (273,00x219,10x9,27x8,18) ASTM A 234 GB WPB PESO 9,60 10x8"" SCH 40","RED EXC","","un","273","219.1","9.27","8.18","","9.6","ASTM A 234 GB WPB"
"A0000075","RED EXC (219,10x168,30x8,18x7,11) ASTM A 234 GB WPB PESO 5,70 8x6"" SCH 40","RED EXC","","un","219.1","168.3","8.18","7.11","","5.7","ASTM A 234 GB WPB"
"A0000074","RED EXC (219,10x114,30x8,18x6,02) ASTM A 234 GB WPB PESO 5,50 8x4"" SCH 40","RED EXC","","un","219.1","114.3","8.18","6.02","","5.5","ASTM A 234 GB WPB"
"A0000073","RED EXC (168,30x114,30x7,11x6,02) ASTM A 234 GB WPB PESO 3,35 6x4"" SCH 40","RED EXC","","un","168.3","114.3","7.11","6.02","","3.35","ASTM A 234 GB WPB"
"A0000072","RED EXC (168,30x88,90x7,11x5,49) ASTM A 234 GB WPB PESO 3,30 6x3"" SCH 40","RED EXC","","un","168.3","88.9","7.11","5.49","","3.3","ASTM A 234 GB WPB"
"A0000071","RED EXC (114,30x60,30x6,02x3,91) ASTM A 234 GB WPB PESO 1,30 4x2"" SCH 40","RED EXC","","un","114.3","60.3","6.02","3.91","","1.3","ASTM A 234 GB WPB"
"A0000070","RED EXC (114,30x88,90x6,02x5,49) ASTM A 234 GB WPB PESO 1,45 4x3"" SCH 40","RED EXC","","un","114.3","88.9","6.02","5.49","","1.45","ASTM A 234 GB WPB"
"A0000069","RED EXC (88,90x60,30x5,49x3,91) ASTM A 234 GB WPB PESO 0,85 3x2"" SCH 40","RED EXC","","un","88.9","60.3","5.49","3.91","","0.85","ASTM A 234 GB WPB"
"A0000068","RED CONC (323,80x219,10x6,35x6,35) ASTM A 234 GB WPB PESO 12,70 12x8"" SCH 20","RED CONC","","un","323.8","219.1","6.35","6.35","","12.7","ASTM A 234 GB WPB"
"A0000067","RED CONC (273,00x219,10x9,27x8,18) ASTM A 234 GB WPB PESO 9,60 10x8"" SCH 40","RED CONC","","un","273","219.1","9.27","8.18","","9.6","ASTM A 234 GB WPB"
"A0000066","RED CONC (168,30x88,90x7,11x5,49) ASTM A 234 GB WPB PESO 3,13 6x3"" SCH 40","RED CONC","","un","168.3","88.9","7.11","5.49","","3.13","ASTM A 234 GB WPB"
"A0000065","RED CONC (168,30x114,30x10,97x8,56) ASTM A 234 GB WPB PESO 3,30 6x4"" SCH 80","RED CONC","","un","168.3","114.3","10.97","8.56","","3.3","ASTM A 234 GB WPB"
"A0000064","RED CONC (141,30x114,30x6,55x6,02) ASTM A 234 GB WPB PESO 2,50","RED CONC","","un","141.3","114.3","6.55","6.02","","2.5","ASTM A 234 GB WPB"
"A0000063","RED CONC (114,30x60,30x6,02x3,91) ASTM A 234 GB WPB PESO 1,27 4x2"" SCH 40","RED CONC","","un","114.3","60.3","6.02","3.91","","1.27","ASTM A 234 GB WPB"
"A0000062","RED CONC (114,30x33,40x6,02x3,38) ASTM A 234 GB WPB PESO 1,40 4x1"" SCH 40","RED CONC","","un","114.3","33.4","6.02","3.38","","1.4","ASTM A 234 GB WPB"
"A0000061","RED CONC (88,90x60,30x5,49x3,91) ASTM A 234 GB WPB PESO 0,90 3x2"" SCH 40","RED CONC","","un","88.9","60.3","5.49","3.91","","0.9","ASTM A 234 GB WPB"
"A0000060","RED CONC (88,90x60,30x7,62x5,54) ASTM A 234 GB WPB PESO 0,85 3x2"" SCH 80","RED CONC","","un","88.9","60.3","7.62","5.54","","0.85","ASTM A 234 GB WPB"
"A0000059","RED CONC (60,30x33,40x3,91x3,38) ASTM A 234 GB WPB PESO 0,33 2x1""","RED CONC","","un","60.3","33.4","3.91","3.38","","0.33","ASTM A 234 GB WPB"
"A0000058","TEE EQUAL (323,80x6,35) ASTM A 234 GB WPB PESO 42,00 12"" SCH 20","TEE EQUAL","","un","323.8","6.35","","","","42","ASTM A 234 GB WPB"
"A0000057","TEE EQUAL (273,00x9,27) ASTM A 234 GB WPB PESO 37,00 10"" SCH 40","TEE EQUAL","","un","273","9.27","","","","37","ASTM A 234 GB WPB"
"A0000056","TEE EQUAL (273,00x6,35) ASTM A 234 GB WPB PESO 29,00 10"" SCH 20","TEE EQUAL","","un","273","6.35","","","","29","ASTM A 234 GB WPB"
"A0000055","TEE EQUAL (219,10x8,18) ASTM A 234 GB WPB PESO 23,00 8"" SCH 40","TEE EQUAL","","un","219.1","8.18","","","","23","ASTM A 234 GB WPB"
"A0000054","TEE EQUAL (219,10x6,35) ASTM A 234 GB WPB PESO 19,00 8"" SCH 20","TEE EQUAL","","un","219.1","6.35","","","","19","ASTM A 234 GB WPB"
"A0000053","TEE EQUAL (88,90x5,49) ASTM A 234 GB WPB PESO 2,85 3"" SCH 40","TEE EQUAL","","un","88.9","5.49","","","","2.85","ASTM A 234 GB WPB"
"A0000052","TEE EQUAL (73,00x5,16) ASTM A 234 GB WPB PESO 1,90 2 1/2"" SCH 40","TEE EQUAL","","un","73","5.16","","","","1.9","ASTM A 234 GB WPB"
"A0000051","TEE EQUAL (60,30x3,91) ASTM A 234 GB WPB PESO 0,99 2""","TEE EQUAL","","un","60.3","3.91","","","","0.99","ASTM A 234 GB WPB"
"A0000050","TEE EQUAL (33,40x3,38) ASTM A 234 GB WPB PESO 0,25 1""","TEE EQUAL","","un","33.4","3.38","","","","0.25","ASTM A 234 GB WPB"
"A0000049","CODO RL 45º (219,10x8,18) ASTM A 234 GB WPB PESO 10,57 8"" SCH 40","CODO","RL 45º","un","219.1","8.18","","","","10.57","ASTM A 234 GB WPB"
"A0000048","CODO RL 45º (88,90x7,62) ASTM A 234 GB WPB PESO 1,50 3"" SCH 80","CODO","RL 45º","un","88.9","7.62","","","","1.5","ASTM A 234 GB WPB"
"A0000047","CODO RL 45º (88,90x5,49) ASTM A 234 GB WPB PESO 1,13 3"" SCH 40","CODO","RL 45º","un","88.9","5.49","","","","1.13","ASTM A 234 GB WPB"
"A0000046","CODO RL 45º (60,30x5,54) ASTM A 234 GB WPB PESO 0,54 2"" SCH 80/XS","CODO","RL 45º","un","60.3","5.54","","","","0.54","ASTM A 234 GB WPB"
"A0000045","CODO RL 45º (48,30x3,68) ASTM A 234 GB WPB PESO 0,04 1 1/2""","CODO","RL 45º","un","48.3","3.68","","","","0.04","ASTM A 234 GB WPB"
"A0000044","CODO RL 90º (609,60x9,52) ASTM A 234 GB WPB PESO 211,37 24"" SCH STD","CODO","RL 90º","un","609.6","9.52","","","","211.37","ASTM A 234 GB WPB"
"A0000043","CODO RL 90º (323,80x17,48) ASTM A 234 GB WPB PESO 71,67 12"" SCH 80","CODO","RL 90º","un","323.8","17.48","","","","71.67","ASTM A 234 GB WPB"
"A0000042","CODO RL 90º (168,30x10,97) ASTM A 234 GB WPB PESO 15,60 6"" SCH 80","CODO","RL 90º","un","168.3","10.97","","","","15.6","ASTM A 234 GB WPB"
"A0000041","CODO RL 90º (114,30x8,56) ASTM A 234 GB WPB PESO 5,67 4"" SCH 80","CODO","RL 90º","un","114.3","8.56","","","","5.67","ASTM A 234 GB WPB"
"A0000040","CODO RL 90º (114,30x6,02) ASTM A 234 GB WPB PESO 3,83 4"" SCH 40","CODO","RL 90º","un","114.3","6.02","","","","3.83","ASTM A 234 GB WPB"
"A0000039","CODO RL 90º (101,60x5,74) ASTM A 234 GB WPB PESO 2,99 3 1/2"" SCH 40","CODO","RL 90º","un","101.6","5.74","","","","2.99","ASTM A 234 GB WPB"
"A0000038","CODO RL 90º (26,70x2,87) ASTM A 234 GB WPB PESO 0,08 3/4""","CODO","RL 90º","un","26.7","2.87","","","","0.08","ASTM A 234 GB WPB"
"A0000037","CODO RL 90º (21,30x2,77) ASTM A 234 GB WPB PESO 0,07 1/2""","CODO","RL 90º","un","21.3","2.77","","","","0.07","ASTM A 234 GB WPB"
"A0000036","RED CONC (406,40x323,80x7,92x6,35) ASTM A 234 GB WPB PESO 43,45 16x12"" SCH 20","RED CONC","","un","406.4","323.8","7.92","6.35","","43.45","ASTM A 234 GB WPB"
"A0000035","TEE RED (323,80x273,00x10,31) ASTM A 234 GB WPB PESO 53,10 12x10"" SCH 40","TEE RED","","un","323.8","273","10.31","","","53.1","ASTM A 234 GB WPB"
"A0000034","TEE RED (273,00x219,10x9,27) ASTM A 234 GB WPB PESO 36,40 10x8"" SCH 40","TEE RED","","un","273","219.1","9.27","","","36.4","ASTM A 234 GB WPB"
"A0000033","TEE RED (273,00x114,30x9,27) ASTM A 234 GB WPB PESO 32,20 10x4"" SCH 40","TEE RED","","un","273","114.3","9.27","","","32.2","ASTM A 234 GB WPB"
"A0000032","TEE EQUAL (168,30x7,11) ASTM A 234 GB WPB PESO 5,01 6"" SCH 40","TEE EQUAL","","un","168.3","7.11","","","","5.01","ASTM A 234 GB WPB"
"A0000031","TEE EQUAL (114,30x6,02) ASTM A 234 GB WPB PESO 11,30 4"" SCH 40","TEE EQUAL","","un","114.3","6.02","","","","11.3","ASTM A 234 GB WPB"
"A0000030","RED CONC (219,10x168,30x8,18x7,11) ASTM A 234 GB WPB PESO 5,77 8x6"" SCH 40","RED CONC","","un","219.1","168.3","8.18","7.11","","5.77","ASTM A 234 GB WPB"
"A0000029","RED CONC (168,30x114,30x7,11x6,02) ASTM A 234 GB WPB PESO 3,36 6x4"" SCH 40","RED CONC","","un","168.3","114.3","7.11","6.02","","3.36","ASTM A 234 GB WPB"
"A0000028","RED CONC (114,30x88,90x6,02x5,49) ASTM A 234 GB WPB PESO 1,46 4x3"" SCH 40","RED CONC","","un","114.3","88.9","6.02","5.49","","1.46","ASTM A 234 GB WPB"
"A0000027","CODO RL 90º (762,00x7,92) ASTM A 234 GB WPB PESO 278,00 30"" SCH 10","CODO","RL 90º","un","762","7.92","","","","278","ASTM A 234 GB WPB"
"A0000026","CODO RL 90º (508,00x9,52) ASTM A 234 GB WPB PESO 142,20 20"" SCH STD","CODO","RL 90º","un","508","9.52","","","","142.2","ASTM A 234 GB WPB"
"A0000025","CODO RL 90º (457,20x7,92) ASTM A 234 GB WPB PESO 99,43 18"" SCH 20","CODO","RL 90º","un","457.2","7.92","","","","99.43","ASTM A 234 GB WPB"
"A0000024","CODO RL 90º (406,40x12,70) ASTM A 234 GB WPB PESO 117,93 16"" SCH 40","CODO","RL 90º","un","406.4","12.7","","","","117.93","ASTM A 234 GB WPB"
"A0000023","CODO RL 90º (406,40x7,92) ASTM A 234 GB WPB PESO 78,09 16"" SCH 20","CODO","RL 90º","un","406.4","7.92","","","","78.09","ASTM A 234 GB WPB"
"A0000022","CODO RL 90º (355,60x7,92) ASTM A 234 GB WPB PESO 59,93 14"" SCH 20","CODO","RL 90º","un","355.6","7.92","","","","59.93","ASTM A 234 GB WPB"
"A0000021","CODO RL 90º (323,80x10,31) ASTM A 234 GB WPB PESO 58,15 12"" SCH 40","CODO","RL 90º","un","323.8","10.31","","","","58.15","ASTM A 234 GB WPB"
"A0000020","CODO RL 90º (323,80x6,35) ASTM A 234 GB WPB PESO 37,23 12"" SCH 20","CODO","RL 90º","un","323.8","6.35","","","","37.23","ASTM A 234 GB WPB"
"A0000019","CODO RL 90º (273,00x9,27) ASTM A 234 GB WPB PESO 36,00 10"" SCH 40","CODO","RL 90º","un","273","9.27","","","","36","ASTM A 234 GB WPB"
"A0000018","CODO RL 90º (273,00x6,35) ASTM A 234 GB WPB PESO 25,79 10"" SCH 20","CODO","RL 90º","un","273","6.35","","","","25.79","ASTM A 234 GB WPB"
"A0000017","CODO RL 90º (219,10x8,18) ASTM A 234 GB WPB PESO 20,30 8"" SCH 40","CODO","RL 90º","un","219.1","8.18","","","","20.3","ASTM A 234 GB WPB"
"A0000016","CODO RL 90º (219,10x6,35) ASTM A 234 GB WPB PESO 15,90 8"" SCH 20","CODO","RL 90º","un","219.1","6.35","","","","15.9","ASTM A 234 GB WPB"
"A0000015","CODO RL 45º (168,30x7,11) ASTM A 234 GB WPB PESO 5,06 6"" SCH 40","CODO","RL 45º","un","168.3","7.11","","","","5.06","ASTM A 234 GB WPB"
"A0000014","CODO RL 90º (168,30x7,11) ASTM A 234 GB WPB PESO 10,15 6"" SCH 40","CODO","RL 90º","un","168.3","7.11","","","","10.15","ASTM A 234 GB WPB"
"A0000013","CODO RL 90º (141,30x6,55) ASTM A 234 GB WPB PESO 6,62","CODO","RL 90º","un","141.3","6.55","","","","6.62","ASTM A 234 GB WPB"
"A0000012","CODO RL 45º (114,30x6,02) ASTM A 234 GB WPB PESO 1,92 4"" SCH 40","CODO","RL 45º","un","114.3","6.02","","","","1.92","ASTM A 234 GB WPB"
"A0000011","CODO RL 90º (114,30x6,02) ASTM A 234 GB WPB PESO 3,85 4"" SCH 40","CODO","RL 90º","un","114.3","6.02","","","","3.85","ASTM A 234 GB WPB"
"A0000010","CODO RL 90º (88,90x7,62) ASTM A 234 GB WPB PESO 2,81 3"" SCH 80","CODO","RL 90º","un","88.9","7.62","","","","2.81","ASTM A 234 GB WPB"
"A0000009","CODO RL 90º (88,90x5,49) ASTM A 234 GB WPB PESO 2,03 3"" SCH 40","CODO","RL 90º","un","88.9","5.49","","","","2.03","ASTM A 234 GB WPB"
"A0000008","CODO RL 90º (73,00x5,16) ASTM A 234 GB WPB PESO 1,32 2 1/2"" SCH 40","CODO","RL 90º","un","73","5.16","","","","1.32","ASTM A 234 GB WPB"
"A0000007","CODO RL 90º (60,30x5,54) ASTM A 234 GB WPB PESO 0,90 2""","CODO","RL 90º","un","60.3","5.54","","","","0.9","ASTM A 234 GB WPB"
"A0000006","CODO RL 90º (60,30x3,91) ASTM A 234 GB WPB PESO 0,65 2""","CODO","RL 90º","un","60.3","3.91","","","","0.65","ASTM A 234 GB WPB"
"A0000005","CODO RL 45º (60,30x3,91) ASTM A 234 GB WPB PESO 0,38 2"" SCH 40/STD","CODO","RL 45º","un","60.3","3.91","","","","0.38","ASTM A 234 GB WPB"
"A0000004","CODO RL 90º (48,30x3,68) ASTM A 234 GB WPB PESO 0,37 1 1/2""","CODO","RL 90º","un","48.3","3.68","","","","0.37","ASTM A 234 GB WPB"
"A0000003","CODO RL 90º (42,20x3,56) ASTM A 234 GB WPB PESO 0,25 1 1/4""","CODO","RL 90º","un","42.2","3.56","","","","0.25","ASTM A 234 GB WPB"
"A0000002","CODO RL 90º (33,40x4,55) ASTM A 234 GB WPB PESO 0,19 1""","CODO","RL 90º","un","33.4","4.55","","","","0.19","ASTM A 234 GB WPB"
"A0000001","CODO RL 90º (33,40x3,38) ASTM A 234 GB WPB PESO 0,15 1""","CODO","RL 90º","un","33.4","3.38","","","","0.15","ASTM A 234 GB WPB"